-- phpMyAdmin SQL Dump
-- version 4.8.3
-- https://www.phpmyadmin.net/
--
-- Host: 127.0.0.1
-- Generation Time: Mar 23, 2019 at 08:26 AM
-- Server version: 10.1.35-MariaDB
-- PHP Version: 7.2.9

SET SQL_MODE = "NO_AUTO_VALUE_ON_ZERO";
SET AUTOCOMMIT = 0;
START TRANSACTION;
SET time_zone = "+00:00";


/*!40101 SET @OLD_CHARACTER_SET_CLIENT=@@CHARACTER_SET_CLIENT */;
/*!40101 SET @OLD_CHARACTER_SET_RESULTS=@@CHARACTER_SET_RESULTS */;
/*!40101 SET @OLD_COLLATION_CONNECTION=@@COLLATION_CONNECTION */;
/*!40101 SET NAMES utf8mb4 */;

--
-- Database: `chat`
--

-- --------------------------------------------------------

--
-- Table structure for table `chat_message`
--

DROP TABLE IF EXISTS `chat_message`;
CREATE TABLE `chat_message` (
  `chat_message_id` int(11) NOT NULL,
  `to_user_id` int(11) NOT NULL,
  `from_user_id` int(11) NOT NULL,
  `chat_message` mediumtext COLLATE utf8mb4_bin NOT NULL,
  `timestamp` timestamp NOT NULL DEFAULT CURRENT_TIMESTAMP,
  `status` int(1) NOT NULL
) ENGINE=InnoDB DEFAULT CHARSET=utf8mb4 COLLATE=utf8mb4_bin;

--
-- Dumping data for table `chat_message`
--

INSERT INTO `chat_message` (`chat_message_id`, `to_user_id`, `from_user_id`, `chat_message`, `timestamp`, `status`) VALUES
(1, 2, 1, 'Hello?', '2019-03-23 06:05:23', 0),
(2, 1, 2, 'Hello How are you?\n', '2019-03-23 06:08:29', 0),
(3, 2, 1, '?', '2019-03-23 06:08:49', 0),
(4, 2, 1, '🤪', '2019-03-23 06:43:33', 0),
(5, 1, 2, 'hi', '2019-03-23 07:10:48', 2),
(6, 0, 2, '<div>hi</div><div><br>\n\n			</div>', '2019-03-23 07:11:38', 1);

-- --------------------------------------------------------

--
-- Table structure for table `login`
--

DROP TABLE IF EXISTS `login`;
CREATE TABLE `login` (
  `user_id` int(11) NOT NULL,
  `username` varchar(255) NOT NULL,
  `password` varchar(255) NOT NULL
) ENGINE=InnoDB DEFAULT CHARSET=latin1;

--
-- Dumping data for table `login`
--

INSERT INTO `login` (`user_id`, `username`, `password`) VALUES
(1, 'johnsmith', '$2y$10$4REfvTZpxLgkAR/lKG9QiOkSdahOYIR3MeoGJAyiWmRkEFfjH3396'),
(2, 'peterParker', '$2y$10$4REfvTZpxLgkAR/lKG9QiOkSdahOYIR3MeoGJAyiWmRkEFfjH3396'),
(3, 'davidMoore', '$2y$10$4REfvTZpxLgkAR/lKG9QiOkSdahOYIR3MeoGJAyiWmRkEFfjH3396'),
(4, 'raju', '$2y$10$hnm/jC7NRIxeBfoMDSLwKujP.ZAAHJIgWGKEwCoOr7VM9kZLgiThC');

-- --------------------------------------------------------

--
-- Table structure for table `login_details`
--

DROP TABLE IF EXISTS `login_details`;
CREATE TABLE `login_details` (
  `login_details_id` int(11) NOT NULL,
  `user_id` int(11) NOT NULL,
  `last_activity` timestamp NOT NULL DEFAULT CURRENT_TIMESTAMP,
  `is_type` enum('no','yes') NOT NULL
) ENGINE=InnoDB DEFAULT CHARSET=latin1;

--
-- Dumping data for table `login_details`
--

INSERT INTO `login_details` (`login_details_id`, `user_id`, `last_activity`, `is_type`) VALUES
(1, 1, '2019-03-23 06:47:56', 'no'),
(2, 2, '2019-03-23 06:44:48', 'no'),
(3, 2, '2019-03-23 07:15:09', 'no'),
(4, 2, '2019-03-23 07:19:41', 'no'),
(5, 4, '2019-03-23 07:25:36', 'no');

--
-- Indexes for dumped tables
--

--
-- Indexes for table `chat_message`
--
ALTER TABLE `chat_message`
  ADD PRIMARY KEY (`chat_message_id`);

--
-- Indexes for table `login`
--
ALTER TABLE `login`
  ADD PRIMARY KEY (`user_id`);

--
-- Indexes for table `login_details`
--
ALTER TABLE `login_details`
  ADD PRIMARY KEY (`login_details_id`);

--
-- AUTO_INCREMENT for dumped tables
--

--
-- AUTO_INCREMENT for table `chat_message`
--
ALTER TABLE `chat_message`
  MODIFY `chat_message_id` int(11) NOT NULL AUTO_INCREMENT, AUTO_INCREMENT=7;

--
-- AUTO_INCREMENT for table `login`
--
ALTER TABLE `login`
  MODIFY `user_id` int(11) NOT NULL AUTO_INCREMENT, AUTO_INCREMENT=5;

--
-- AUTO_INCREMENT for table `login_details`
--
ALTER TABLE `login_details`
  MODIFY `login_details_id` int(11) NOT NULL AUTO_INCREMENT, AUTO_INCREMENT=6;
COMMIT;

/*!40101 SET CHARACTER_SET_CLIENT=@OLD_CHARACTER_SET_CLIENT */;
/*!40101 SET CHARACTER_SET_RESULTS=@OLD_CHARACTER_SET_RESULTS */;
/*!40101 SET COLLATION_CONNECTION=@OLD_COLLATION_CONNECTION */;
